,Video ID,Date
0,HdG_0yv7gAs,2020-06-03
1,eoHSi2kQNCA,2021-06-13
2,bmf4_zXCXbs,2023-01-31
3,7VKU-dvQv3c,2021-01-24
4,c4We3Ine47Q,2022-06-01
5,UaVM8IUACMw,2021-08-03
6,rGFZ9j-qey0,2022-06-23
7,DxQX6K8L6hU,2022-04-26
8,3SBdvo6AML4,2022-03-08
9,t2JTOE76q0E,2022-11-28
10,Ey1X-x4DG0Q,2022-05-13
11,LRSTMZW8pk8,2023-02-10
12,WloJUuDxZJs,2018-05-05
13,VRzaodb22u4,2020-01-19
14,DtcsX7WuITY,2020-07-12
15,gwiY1p0gIhY,2022-10-20
16,pXypSbaEIQA,2022-05-01
17,iFiujv-Girk,2022-04-19
18,yNqcUcrMigY,2021-06-16
19,dNRDq6xBEqo,2018-04-23
20,kPhGxoL59BM,2019-04-06
21,sz6SdHaV8W0,2023-02-21
22,J2MaBEw63lQ,2022-04-14
23,g_SsU5RnAng,2022-07-21
24,7q3picbFJy0,2022-12-11
25,7Xx5WzT-WJI,2022-08-12
26,rkVKi5a7euQ,2022-12-12
27,hEUbzIcCp5w,2022-04-23
28,GK-W25RM87Q,2019-05-22
29,DkMFO_F_4HE,2022-12-06
30,5G_7N0ergKM,2021-04-11
31,TsBa5mjlw98,2022-12-08
32,7yYQnZpb-vU,2022-10-18
33,7CIhS3YMdkM,2022-11-11
34,U31sHvJGue4,2022-10-10
35,8_3HdL0dRgI,2021-03-30
36,1CXKCQn9b04,2021-06-30
37,SRGSDzmdTbw,2022-12-14
38,izkR7xywEa8,2022-10-29
39,lgFgmzE7Kkk,2021-12-25
40,ZICQpY83Y6Y,2022-07-21
41,rzIZBSpctNA,2018-11-21
42,4lfsBv2169s,2023-01-24
43,k8TpHT1h9sQ,2020-09-05
44,fEsBHmn9VPQ,2022-11-09
45,3j4CJXWIXxE,2021-11-06
46,ArcTJ7X1U7E,2022-08-02
47,jMhFeexD52A,2022-12-20
48,Ya0S6ySFDnU,2022-03-07
49,_4HIJxcWewU,2022-08-13
50,iUDe81-p_70,2021-08-31
51,2Dq2I_ctZuE,2022-02-23
52,cVC4ggy3_Hs,2023-01-15
53,D532_ix9qLQ,2022-09-01
54,llNNuR-x8yE,2020-10-04
55,Qpm3iry5CB0,2022-02-19
56,3OBdinnCFD8,2022-12-10
57,4LPUeOdVeiM,2023-01-26
58,WFe7X1oSirU,2022-06-01
59,JFBGz6vDxmY,2022-12-30
60,dOnvrMEciO4,2022-08-26
61,aZllZv7W49o,2021-11-24
62,RMpvMSz9Ij0,2022-01-13
63,w84z_e_lo7Q,2021-05-28
64,pSXFvEZRRXo,2023-01-31
65,tGrmOMo1Zp4,2022-12-27
66,reiG7lg1_Fc,2023-02-19
67,dbtSbsg4VKg,2019-07-14
68,5qQHYxpUq2E,2022-06-18
69,FK1NoSzQqL8,2022-12-09
70,qUt4LxlI92M,2021-11-19
71,zASOJacksYQ,2023-02-19
72,3_BTX-Nxh5Y,2022-02-22
73,druZajdAXmw,2021-07-08
74,lwc3pU-bwMc,2022-02-11
75,4ODf0XDgNbo,2020-08-08
76,_-XKEpdSQYg,2022-11-23
77,zZkA1EWJVX0,2022-12-22
78,dpJx5qfAvtg,2018-06-14
79,1CVQmXwqX4E,2019-09-04
80,byFEcj8z5_w,2017-01-25
81,JhvGJ8XY-cI,2021-12-04
82,r35oo3J8OtA,2022-08-27
83,yrPaNlYPdRo,2022-12-21
84,h9RfOqZ24DU,2021-10-04
85,NsSEC6iL7TI,2020-01-12
86,oVIY0bC0SUE,2022-04-22
87,kj7kALN58Xw,2022-12-29
88,kj7kALN58Xw,2023-02-24
89,kj7kALN58Xw,2021-07-25
90,kj7kALN58Xw,2022-10-03
91,kj7kALN58Xw,2021-11-17
92,kj7kALN58Xw,2023-01-19
93,kj7kALN58Xw,2021-07-23
94,kj7kALN58Xw,2021-11-08
95,kj7kALN58Xw,2022-01-12
96,kj7kALN58Xw,2021-05-28
97,kj7kALN58Xw,2022-11-17
98,kj7kALN58Xw,2021-08-03
99,kj7kALN58Xw,2021-07-27
100,kj7kALN58Xw,2021-08-09
101,kj7kALN58Xw,2022-03-18
102,kj7kALN58Xw,2021-10-17
103,kj7kALN58Xw,2021-10-06
104,kj7kALN58Xw,2021-10-16
105,kj7kALN58Xw,2021-03-05
106,kj7kALN58Xw,2021-07-08
107,kj7kALN58Xw,2021-02-12
108,kj7kALN58Xw,2021-05-28
109,kj7kALN58Xw,2022-11-24
110,kj7kALN58Xw,2021-12-19
111,kj7kALN58Xw,2021-05-06
112,kj7kALN58Xw,2021-07-16
113,yhKZtaYPCts,2022-04-08
114,yhKZtaYPCts,2019-11-25
115,yhKZtaYPCts,2019-05-28
116,yhKZtaYPCts,2019-07-21
117,yhKZtaYPCts,2019-08-25
118,yhKZtaYPCts,2019-09-14
119,8ozINFvuiUg,2021-01-04
120,8ozINFvuiUg,2022-05-27
121,8xw4ru4mq34,2020-12-15
122,8xw4ru4mq34,2019-12-27
123,8xw4ru4mq34,2018-03-05
124,8xw4ru4mq34,2018-06-24
125,8xw4ru4mq34,2021-12-24
126,8xw4ru4mq34,2020-06-07
127,YOA9diAflco,2022-01-08
128,YOA9diAflco,2020-09-03
129,YOA9diAflco,2020-06-24
130,YOA9diAflco,2020-10-25
131,YOA9diAflco,2020-06-18
132,m5Qk4NLQNVA,2020-02-14
133,m5Qk4NLQNVA,2021-08-01
134,QhUBmO14u0o,2022-06-01
135,QhUBmO14u0o,2022-03-02
136,QhUBmO14u0o,2022-07-14
137,QhUBmO14u0o,2023-02-14
138,QhUBmO14u0o,2022-12-31
139,QhUBmO14u0o,2022-02-21
140,nQS6ZO45JNA,2019-09-13
141,nQS6ZO45JNA,2022-10-08
142,DCRMtl6wgh0,2020-05-20
143,DCRMtl6wgh0,2023-02-24
144,y1ilV9o47Z4,2021-10-17
145,y1ilV9o47Z4,2020-09-25
146,y1ilV9o47Z4,2019-11-01
147,ebc1N_mGbMg,2021-12-11
148,ebc1N_mGbMg,2021-10-21
149,ebc1N_mGbMg,2021-11-12
150,ebc1N_mGbMg,2022-01-16
151,R8tDKwimSsY,2021-06-17
152,R8tDKwimSsY,2019-12-30
153,R8tDKwimSsY,2020-03-06
154,R8tDKwimSsY,2021-09-16
155,q8VF2CeMZ5o,2023-01-25
156,q8VF2CeMZ5o,2020-06-29
157,bODyg87K5yg,2022-08-20
158,bODyg87K5yg,2021-12-05
159,bODyg87K5yg,2022-10-24
160,bODyg87K5yg,2022-04-26
161,72-WjD8kKVc,2022-07-20
162,72-WjD8kKVc,2023-01-19
163,LxJ2rmwHyzE,2022-09-05
164,LxJ2rmwHyzE,2022-01-19
165,QR1TDmAvHRg,2021-05-29
166,QR1TDmAvHRg,2022-05-06
167,QR1TDmAvHRg,2021-06-30
168,jpo_4q4YyfQ,2022-03-03
169,jpo_4q4YyfQ,2021-02-26
170,jpo_4q4YyfQ,2018-11-26
171,xm9kts5JRy4,2022-09-13
172,xm9kts5JRy4,2022-08-01
173,0c3o1rXccys,2021-04-17
174,0c3o1rXccys,2020-07-07
175,0c3o1rXccys,2021-08-28
176,0c3o1rXccys,2022-04-12
177,A8_oBqblp0M,2022-07-20
178,A8_oBqblp0M,2022-05-01
179,xT6xPr5mLaE,2021-11-05
180,xT6xPr5mLaE,2020-08-28
181,Zd1vqcoPDtA,2022-07-22
182,Zd1vqcoPDtA,2022-09-23
183,Zd1vqcoPDtA,2023-01-17
184,aLRi0b0sV9o,2022-02-02
185,aLRi0b0sV9o,2022-10-01
186,TTK7NPwKS74,2023-01-25
187,TTK7NPwKS74,2020-06-10
188,Ea0VBWw8-mg,2021-04-08
189,Ea0VBWw8-mg,2019-06-17
190,m3VmjbABlCo,2022-09-21
191,m3VmjbABlCo,2021-11-01
192,T7eSSmr1Iv4,2022-01-31
193,T7eSSmr1Iv4,2021-01-13
194,JThiXnAR7GA,2020-10-26
195,JThiXnAR7GA,2020-11-11
196,OWtuzYYZclI,2022-10-28
197,OWtuzYYZclI,2022-01-28
198,cAl01P9rGY0,2022-04-21
199,cAl01P9rGY0,2022-01-09
200,SJhpZ9N3DVA,2021-01-02
201,SJhpZ9N3DVA,2021-05-29
202,OFiR1QtDJOI,2023-02-08
203,OFiR1QtDJOI,2022-10-10
204,Xlx2KnjbLAg,2021-06-12
205,Xlx2KnjbLAg,2021-07-17
206,Xlx2KnjbLAg,2022-07-05
207,ElcrwpN9UT8,2022-06-28
208,ElcrwpN9UT8,2023-01-17
209,x3kcV4asMrQ,2022-11-23
210,x3kcV4asMrQ,2023-01-07
211,x3kcV4asMrQ,2023-01-16
212,x3kcV4asMrQ,2023-02-06
213,uTTlTzf_ILE,2022-01-31
214,uTTlTzf_ILE,2022-08-24
215,j1xVISrTabc,2022-11-20
216,j1xVISrTabc,2022-11-26
217,RRM21vp8ZxE,2022-12-05
218,RRM21vp8ZxE,2022-10-14
219,n5ymKk9Rl6I,2022-01-02
220,n5ymKk9Rl6I,2021-08-06
221,n5ymKk9Rl6I,2021-05-26
222,_17Cb82UNaY,2022-12-31
223,_17Cb82UNaY,2021-12-29
224,tC0Wx8apnCI,2020-06-05
225,tC0Wx8apnCI,2022-04-23
226,jclWnA7pEvY,2022-01-19
227,jclWnA7pEvY,2018-12-19
228,jclWnA7pEvY,2018-08-29
229,jclWnA7pEvY,2019-08-13
230,jclWnA7pEvY,2019-03-11
231,jclWnA7pEvY,2018-01-02
232,jclWnA7pEvY,2019-04-09
233,jclWnA7pEvY,2023-01-20
234,jclWnA7pEvY,2020-10-28
235,jclWnA7pEvY,2020-11-08
236,iveCss_hzDo,2021-08-29
237,iveCss_hzDo,2022-02-21
238,iveCss_hzDo,2022-03-29
239,iveCss_hzDo,2020-12-15
240,iveCss_hzDo,2020-09-26
241,iveCss_hzDo,2021-05-20
242,DhFrwNQw3BM,2020-08-14
243,DhFrwNQw3BM,2020-09-29
244,DhFrwNQw3BM,2020-09-19
245,DhFrwNQw3BM,2020-09-19
246,DhFrwNQw3BM,2022-05-24
247,DhFrwNQw3BM,2022-07-27
248,DhFrwNQw3BM,2021-05-27
249,DhFrwNQw3BM,2022-10-05
250,DhFrwNQw3BM,2022-01-15
251,DhFrwNQw3BM,2020-09-28
252,DhFrwNQw3BM,2021-07-16
253,DhFrwNQw3BM,2022-09-19
254,DhFrwNQw3BM,2022-09-20
255,DhFrwNQw3BM,2021-12-18
256,DhFrwNQw3BM,2022-11-26
257,DhFrwNQw3BM,2020-11-04
258,DhFrwNQw3BM,2021-05-21
259,DhFrwNQw3BM,2021-05-11
260,DhFrwNQw3BM,2022-07-30
261,DhFrwNQw3BM,2021-06-01
262,DhFrwNQw3BM,2020-12-02
263,LmlK9zC0XZQ,2019-11-13
264,LmlK9zC0XZQ,2023-01-10
265,LmlK9zC0XZQ,2022-10-02
266,LmlK9zC0XZQ,2020-11-30
267,LmlK9zC0XZQ,2020-08-16
268,LmlK9zC0XZQ,2020-03-25
269,LmlK9zC0XZQ,2020-04-11
270,LmlK9zC0XZQ,2021-07-25
271,LmlK9zC0XZQ,2021-07-29
272,LmlK9zC0XZQ,2022-05-05
273,SO4mk1H94OA,2022-02-28
274,SO4mk1H94OA,2022-08-05
275,SO4mk1H94OA,2020-09-04
276,SO4mk1H94OA,2022-03-03
277,SO4mk1H94OA,2021-02-24
278,SO4mk1H94OA,2020-11-11
279,SO4mk1H94OA,2021-11-25
280,SO4mk1H94OA,2021-08-07
281,SO4mk1H94OA,2021-04-01
282,Rii_6qkLNh8,2021-10-12
283,Rii_6qkLNh8,2022-12-28
284,Rii_6qkLNh8,2021-12-01
285,Rii_6qkLNh8,2022-11-23
286,Rii_6qkLNh8,2022-04-24
287,Rii_6qkLNh8,2021-07-10
288,Rii_6qkLNh8,2022-08-24
289,Rii_6qkLNh8,2021-02-06
290,Rii_6qkLNh8,2020-02-16
291,Rii_6qkLNh8,2022-07-15
292,Rii_6qkLNh8,2021-08-01
293,Rii_6qkLNh8,2022-10-22
294,MHKPfoNEyDU,2022-02-24
295,MHKPfoNEyDU,2021-01-04
296,MHKPfoNEyDU,2020-05-23
297,MHKPfoNEyDU,2022-04-26
298,MHKPfoNEyDU,2020-01-16
299,MHKPfoNEyDU,2021-04-30
300,MHKPfoNEyDU,2019-09-20
301,x29vx0Zj_7M,2022-08-22
302,x29vx0Zj_7M,2018-09-14
303,x29vx0Zj_7M,2020-11-07
304,x29vx0Zj_7M,2019-11-09
305,x29vx0Zj_7M,2022-06-05
306,x29vx0Zj_7M,2021-09-14
307,XfUe915hH7w,2021-01-04
308,XfUe915hH7w,2022-03-29
309,XfUe915hH7w,2022-07-09
310,rBqff_yINmc,2020-01-22
311,rBqff_yINmc,2021-02-25
312,o5y0m4zF6VU,2021-08-17
313,o5y0m4zF6VU,2020-12-22
314,o5y0m4zF6VU,2021-05-18
315,9dX9PK_KlSA,2021-09-11
316,9dX9PK_KlSA,2021-11-12
317,tEhhxEismzg,2020-08-29
318,tEhhxEismzg,2020-11-28
319,tEhhxEismzg,2020-12-23
320,tEhhxEismzg,2021-10-13
321,JnhXyQ8eyuo,2023-01-09
322,JnhXyQ8eyuo,2021-02-12
323,JnhXyQ8eyuo,2021-10-27
324,JnhXyQ8eyuo,2020-08-17
325,JnhXyQ8eyuo,2019-07-22
326,1-agbCF7HwY,2022-07-24
327,1-agbCF7HwY,2019-01-19
328,1-agbCF7HwY,2022-02-10
329,1-agbCF7HwY,2019-10-09
330,1-agbCF7HwY,2020-11-09
331,1-agbCF7HwY,2021-10-10
332,1-agbCF7HwY,2021-11-11
333,1-agbCF7HwY,2019-06-18
334,kRACuS4eKWA,2022-02-20
335,kRACuS4eKWA,2022-10-25
336,kRACuS4eKWA,2021-03-27
337,kRACuS4eKWA,2021-05-10
338,kRACuS4eKWA,2022-03-11
339,kRACuS4eKWA,2022-02-12
340,rlUBO5qoKow,2021-03-26
341,rlUBO5qoKow,2020-12-05
342,rlUBO5qoKow,2022-03-10
343,rlUBO5qoKow,2020-03-13
344,rlUBO5qoKow,2020-07-19
345,rlUBO5qoKow,2020-02-18
346,veSDFbjBJXg,2021-12-22
347,veSDFbjBJXg,2021-04-08
348,MooZofz5GOI,2022-02-12
349,MooZofz5GOI,2020-04-08
350,MooZofz5GOI,2021-04-18
351,MooZofz5GOI,2019-03-29
352,MooZofz5GOI,2023-02-24
353,9RbNX1Dr4cA,2022-08-04
354,9RbNX1Dr4cA,2021-01-06
355,9RbNX1Dr4cA,2022-12-21
356,lnCfTmdVTWE,2022-12-28
357,lnCfTmdVTWE,2020-12-20
358,lnCfTmdVTWE,2021-12-25
359,lnCfTmdVTWE,2022-02-06
360,lnCfTmdVTWE,2022-12-21
361,lnCfTmdVTWE,2021-12-21
362,lnCfTmdVTWE,2022-04-29
363,lnCfTmdVTWE,2021-08-25
364,lnCfTmdVTWE,2022-02-16
365,r8e_bRJ07N0,2020-01-30
366,r8e_bRJ07N0,2021-02-08
367,r8e_bRJ07N0,2022-02-18
368,r8e_bRJ07N0,2019-07-09
369,uWpwZMfP5ns,2021-07-17
370,uWpwZMfP5ns,2022-09-26
371,uWpwZMfP5ns,2021-09-27
372,jKBfMvhU9R0,2021-06-22
373,jKBfMvhU9R0,2020-11-03
374,jKBfMvhU9R0,2021-11-26
375,jKBfMvhU9R0,2021-01-28
376,jKBfMvhU9R0,2022-07-04
377,jKBfMvhU9R0,2022-11-26
378,i8WKBiTHqVI,2020-10-02
379,i8WKBiTHqVI,2021-11-10
380,i8WKBiTHqVI,2023-01-30
381,KQsRHWTF4Bs,2019-05-04
382,KQsRHWTF4Bs,2018-07-04
383,KQsRHWTF4Bs,2018-06-06
384,KQsRHWTF4Bs,2018-03-20
385,KQsRHWTF4Bs,2022-06-06
386,KQsRHWTF4Bs,2022-05-29
387,KQsRHWTF4Bs,2020-05-05
388,KQsRHWTF4Bs,2022-06-04
389,j_WNHWh3cUI,2020-02-04
390,j_WNHWh3cUI,2021-05-21
391,j_WNHWh3cUI,2019-04-01
392,j_WNHWh3cUI,2021-06-13
393,j_WNHWh3cUI,2019-04-30
394,j_WNHWh3cUI,2020-08-15
395,j_WNHWh3cUI,2018-08-23
396,j_WNHWh3cUI,2021-04-12
397,MXfpBcwOJSw,2023-01-22
398,MXfpBcwOJSw,2018-11-10
399,MXfpBcwOJSw,2021-11-19
400,MXfpBcwOJSw,2022-10-02
401,MXfpBcwOJSw,2018-08-08
402,MXfpBcwOJSw,2021-02-17
403,cgPnnPBwAqQ,2020-05-30
404,cgPnnPBwAqQ,2020-12-21
405,cgPnnPBwAqQ,2023-01-21
406,avD3gEIxddY,2023-02-14
407,avD3gEIxddY,2019-07-15
408,avD3gEIxddY,2021-01-06
409,avD3gEIxddY,2019-11-08
410,avD3gEIxddY,2022-12-20
411,ORKTLUAFXnI,2022-06-22
412,ORKTLUAFXnI,2023-02-06
413,ORKTLUAFXnI,2022-07-11
414,ORKTLUAFXnI,2021-10-07
415,ORKTLUAFXnI,2022-01-19
416,ORKTLUAFXnI,2021-12-29
417,ORKTLUAFXnI,2022-12-03
418,ORKTLUAFXnI,2022-03-27
419,ORKTLUAFXnI,2022-01-14
420,ORKTLUAFXnI,2022-01-02
421,ORKTLUAFXnI,2021-10-07
422,ORKTLUAFXnI,2021-06-19
423,ORKTLUAFXnI,2022-01-08
424,ORKTLUAFXnI,2022-08-18
425,ORKTLUAFXnI,2021-04-30
426,ORKTLUAFXnI,2022-12-25
427,ORKTLUAFXnI,2021-12-26
428,ORKTLUAFXnI,2021-09-16
429,ORKTLUAFXnI,2022-05-09
430,ORKTLUAFXnI,2023-01-22
431,ORKTLUAFXnI,2022-07-04
432,ORKTLUAFXnI,2022-06-26
433,ORKTLUAFXnI,2021-10-14
434,MQAXL_xkO_s,2021-03-06
435,MQAXL_xkO_s,2021-09-06
436,MQAXL_xkO_s,2021-04-20
437,MQAXL_xkO_s,2022-11-13
438,MQAXL_xkO_s,2022-10-14
439,MQAXL_xkO_s,2021-04-25
440,MQAXL_xkO_s,2022-08-12
441,MQAXL_xkO_s,2020-09-28
442,MQAXL_xkO_s,2021-01-27
443,PWgwK60eeZY,2023-02-12
444,PWgwK60eeZY,2022-08-05
445,PWgwK60eeZY,2021-11-22
446,PWgwK60eeZY,2021-11-20
447,PWgwK60eeZY,2022-10-15
448,PWgwK60eeZY,2022-03-14
449,4Qoh9t_ZvqI,2022-05-18
450,4Qoh9t_ZvqI,2023-02-23
451,4Qoh9t_ZvqI,2022-07-03
452,4Qoh9t_ZvqI,2023-02-06
453,4Qoh9t_ZvqI,2022-10-28
454,4Qoh9t_ZvqI,2022-09-26
455,ZBMa_M7HalQ,2021-06-11
456,ZBMa_M7HalQ,2022-12-22
457,ZBMa_M7HalQ,2022-10-13
458,ZBMa_M7HalQ,2022-05-21
459,ZBMa_M7HalQ,2021-05-05
460,7jTQ0SlOJH4,2020-10-03
461,7jTQ0SlOJH4,2021-12-01
462,kjaZtYkubjA,2022-12-22
463,kjaZtYkubjA,2021-12-29
464,kjaZtYkubjA,2021-08-20
465,kjaZtYkubjA,2021-08-16
466,kjaZtYkubjA,2022-05-20
467,kjaZtYkubjA,2021-10-07
468,kjaZtYkubjA,2021-12-13
469,kjaZtYkubjA,2022-08-07
470,kjaZtYkubjA,2021-01-02
471,kjaZtYkubjA,2020-12-19
472,kjaZtYkubjA,2020-11-07
473,kjaZtYkubjA,2020-12-27
474,F32rLlSzEzQ,2022-06-21
475,F32rLlSzEzQ,2018-04-24
476,F32rLlSzEzQ,2021-07-08
477,Q8iri3G1_x4,2022-07-24
478,Q8iri3G1_x4,2022-04-06
479,IwFtK4DK0wU,2022-07-29
480,IwFtK4DK0wU,2021-08-09
481,IwFtK4DK0wU,2021-08-20
482,EcnSuMKgRXA,2019-03-08
483,EcnSuMKgRXA,2020-10-21
484,M6iQ82K9NY0,2022-12-21
485,M6iQ82K9NY0,2019-01-18
486,XCugcQ-_Zfk,2021-09-18
487,XCugcQ-_Zfk,2022-02-13
488,XCugcQ-_Zfk,2022-02-24
489,XCugcQ-_Zfk,2021-11-07
490,XCugcQ-_Zfk,2021-09-28
491,QiWkg0scJHo,2022-12-06
492,QiWkg0scJHo,2022-07-23
493,Arv7Ptunnbc,2022-04-03
494,Arv7Ptunnbc,2021-07-11
495,Arv7Ptunnbc,2022-10-26
496,Arv7Ptunnbc,2023-02-19
497,Arv7Ptunnbc,2021-08-11
498,Arv7Ptunnbc,2022-12-22
499,Arv7Ptunnbc,2022-03-25
500,62_H3Bxu9ZM,2021-03-23
501,62_H3Bxu9ZM,2021-06-20
502,62_H3Bxu9ZM,2018-12-30
503,62_H3Bxu9ZM,2020-01-29
504,2-CqUosdagY,2021-09-08
505,2-CqUosdagY,2022-09-15
506,2umfdZElvDU,2022-04-16
507,2umfdZElvDU,2019-12-18
508,2umfdZElvDU,2021-05-11
509,ni2ykB4XoIs,2021-08-05
510,ni2ykB4XoIs,2021-06-26
511,FoUORTJon8g,2022-06-20
512,FoUORTJon8g,2021-11-22
513,FoUORTJon8g,2022-05-06
514,FoUORTJon8g,2022-09-13
515,FoUORTJon8g,2022-09-15
516,FoUORTJon8g,2022-12-19
517,1SKTDaDALJg,2022-12-03
518,1SKTDaDALJg,2022-01-08
519,z9ttZAZkEhs,2022-01-28
520,z9ttZAZkEhs,2021-03-18
521,K-sNMMjLruE,2022-04-05
522,K-sNMMjLruE,2021-05-06
523,DY5IWLcgBGA,2022-09-09
524,DY5IWLcgBGA,2022-12-18
525,DY5IWLcgBGA,2022-10-15
526,DY5IWLcgBGA,2022-06-07
527,DY5IWLcgBGA,2023-02-23
528,ol-d1T04vvc,2022-03-24
529,ol-d1T04vvc,2021-05-13
530,I9vze7MJN_c,2022-09-09
531,I9vze7MJN_c,2022-08-19
532,I9vze7MJN_c,2022-10-26
533,I9vze7MJN_c,2022-03-09
534,fNs_oIWeqBs,2021-08-09
535,fNs_oIWeqBs,2021-03-19
536,_TP-Jj371Qc,2022-09-23
537,_TP-Jj371Qc,2022-01-10
538,_TP-Jj371Qc,2022-06-16
539,_TP-Jj371Qc,2021-08-19
540,XWC_RRsSlno,2022-09-17
541,XWC_RRsSlno,2023-02-08
542,an25Huyjo3Q,2022-03-30
543,an25Huyjo3Q,2021-12-10
544,uC4l_nN1OSU,2018-07-13
545,uC4l_nN1OSU,2020-08-21
546,uC4l_nN1OSU,2020-05-01
547,uC4l_nN1OSU,2022-07-01
548,uC4l_nN1OSU,2021-07-26
549,DK0Jw8gqEl8,2021-01-29
550,DK0Jw8gqEl8,2021-11-17
551,DK0Jw8gqEl8,2021-04-07
552,DK0Jw8gqEl8,2019-10-20
553,Ht1hDogPv_s,2020-09-27
554,Ht1hDogPv_s,2022-09-09
555,Ht1hDogPv_s,2022-05-04
556,Ht1hDogPv_s,2022-12-23
557,glPUBQOdnDE,2022-01-29
558,glPUBQOdnDE,2021-06-29
559,VmWD7Ayw_NI,2021-12-19
560,VmWD7Ayw_NI,2021-05-29
561,VmWD7Ayw_NI,2020-09-24
562,tuk1CrigTSI,2020-09-14
563,tuk1CrigTSI,2021-06-30
564,tuk1CrigTSI,2019-02-19
565,tuk1CrigTSI,2020-06-22
566,GgN5lwRUaqc,2019-02-27
567,GgN5lwRUaqc,2019-12-12
568,J8N4MG7U4Gg,2018-12-29
569,J8N4MG7U4Gg,2022-06-24
570,J8N4MG7U4Gg,2022-02-20
571,sjC4oNr5494,2021-12-04
572,sjC4oNr5494,2022-04-14
573,f_MC5iYwBag,2022-09-26
574,f_MC5iYwBag,2021-08-23
575,HH40GqCJ2ug,2021-12-03
576,HH40GqCJ2ug,2023-01-24
577,HH40GqCJ2ug,2023-01-07
578,HH40GqCJ2ug,2022-10-14
579,9D0sWveKMGU,2022-03-14
580,9D0sWveKMGU,2021-07-14
581,Ieh0EhJzJgo,2022-05-15
582,Ieh0EhJzJgo,2022-08-08
583,sGZP2SvNcQI,2021-12-14
584,sGZP2SvNcQI,2022-03-13
585,sGZP2SvNcQI,2021-09-08
586,-45E77FE6to,2022-05-23
587,-45E77FE6to,2022-07-02
588,hzYRPFtUJ6U,2022-01-10
589,hzYRPFtUJ6U,2022-06-16
590,y2cohh4vQJo,2022-03-13
591,y2cohh4vQJo,2023-01-24
592,y2cohh4vQJo,2021-08-06
593,y2cohh4vQJo,2022-09-08
594,fZasNZKfqnI,2018-05-29
595,fZasNZKfqnI,2018-06-27
596,cwa1-PIIxTA,2023-02-16
597,cwa1-PIIxTA,2023-01-04
598,GJ6TzbThIro,2021-10-27
599,GJ6TzbThIro,2022-01-27
600,GJ6TzbThIro,2022-07-20
601,GJ6TzbThIro,2022-12-30
602,GJ6TzbThIro,2021-11-21
603,GJ6TzbThIro,2021-10-23
604,GJ6TzbThIro,2022-02-07
605,GJ6TzbThIro,2021-07-04
606,GJ6TzbThIro,2022-12-29
607,GJ6TzbThIro,2021-08-19
608,GJ6TzbThIro,2022-04-14
609,GJ6TzbThIro,2021-08-26
610,GJ6TzbThIro,2021-09-02
611,GJ6TzbThIro,2021-11-10
612,Cvt48k3FzbI,2022-01-15
613,Cvt48k3FzbI,2022-07-17
614,Cvt48k3FzbI,2022-03-25
615,8bpNPB4SPSg,2021-03-24
616,8bpNPB4SPSg,2021-03-08
617,WjAvGGeDlSs,2022-05-07
618,WjAvGGeDlSs,2022-02-13
619,GH1n0hfqbBw,2022-04-25
620,GH1n0hfqbBw,2022-06-17
621,fOarmGcEH9g,2021-07-20
622,fOarmGcEH9g,2023-01-31
623,WEbKDVAbLdk,2022-04-28
624,WEbKDVAbLdk,2021-08-13
625,4ph9FDLDIgo,2022-03-23
626,4ph9FDLDIgo,2022-04-28
627,4ph9FDLDIgo,2022-07-15
628,WqWAML9cQ6M,2021-10-01
629,WqWAML9cQ6M,2022-04-23
630,KAH7TidewA4,2021-04-04
631,KAH7TidewA4,2022-12-06
632,wbIkcRBlOao,2023-01-01
633,wbIkcRBlOao,2022-11-17
634,iZJz30LSik4,2019-12-01
635,iZJz30LSik4,2021-10-16
636,TBG91EfBTq0,2021-01-31
637,TBG91EfBTq0,2020-03-03
638,TBG91EfBTq0,2018-07-30
639,TBG91EfBTq0,2022-01-17
640,ZscrNOTHnB0,2022-06-22
641,ZscrNOTHnB0,2022-09-07
642,AqhNuTgymOk,2023-02-20
643,AqhNuTgymOk,2021-07-27
644,AIk1vPM-u2I,2021-12-13
645,CefGw5kh0CE,2022-12-09
646,U1O5LfMZP0s,2020-11-22
647,govexDzfsfg,2022-11-25
648,5vOEktgYWM0,2021-08-14
649,Y9Jk73rmOvg,2020-08-07
650,hX-s1htBdmk,2018-08-30
651,vo2-s2Rbl2Y,2021-10-06
652,tNoiaPVD3VY,2018-10-31
653,I634zfEZc_I,2019-06-17
654,opYn_wDngMI,2021-02-15
655,5_KDJGPjMnI,2023-01-26
656,XHHkKamqeCU,2018-06-26
657,aEezNicgHkE,2021-10-03
658,Db4RpASzFAE,2021-10-20
659,NhSx1z-dP0M,2022-04-23
660,TJ-UaIBsx-g,2021-12-18
661,VQZPod4PMs4,2022-01-17
662,gRkd8twz_bI,2019-11-30
663,SzOk1xjx2z4,2021-12-14
664,ReNO_a6SApg,2021-10-22
665,awpvBSiJhAg,2021-12-29
666,QZVVd3IzS1k,2021-02-28
667,1P99rg9a6es,2021-07-23
668,-C3_P-jJo4U,2021-09-19
669,9oPFgHvGyKc,2021-09-16
670,NAghaFGXVFE,2022-11-03
671,hsnSUdoWwYg,2020-10-11
672,GyHVdqkHshM,2020-09-08
673,m49G3PgspLE,2017-09-26
674,7D9M8YcEN1g,2023-01-04
675,OUxe71LCbkc,2023-01-26
676,3zwtMW219Zg,2021-08-14
677,V-wsEBnepRE,2021-11-30
678,KeapGs-VTYI,2021-09-19
679,LO1mP5QGe6s,2021-09-27
680,RSX9isBtNAs,2022-04-26
681,E0lTc4m5-Tc,2021-11-07
682,tsXjeZ2rL0c,2020-01-03
683,djLX6IUWVwY,2022-07-02
684,UyUznpXCrAc,2022-09-20
685,2K4pYGRrMRg,2020-05-28
686,jTmq_g6DjMI,2022-12-25
687,K3c6myBPnmY,2021-11-26
688,Nf55zxQf8K8,2018-07-01
689,S7eMccO1_bE,2021-10-07
690,oecN7C8THiQ,2022-05-23
691,HMtxENQCD_w,2022-10-03
692,z-Vld0cHu00,2020-08-25
693,fBn85h56Qck,2021-11-05
694,IyrNH7aD_qk,2018-08-14
695,0RzDOEr_HGs,2020-12-14
696,PWF_Pn9QeDQ,2022-07-17
697,LAKdT21MFhc,2022-11-25
698,ioPEDjf69Ao,2021-10-19
699,AaFg33eqaE4,2018-09-29
700,ZFd-zHeInIw,2022-06-14
701,OkKISlyhwFA,2022-01-11
702,I8zUGVxcifQ,2022-07-04
703,3MYUg0nXQXg,2020-11-27
704,qV5Fqs4d87w,2021-02-17
705,8NVgLoSqMlM,2022-09-14
706,3Y8Ksx1SL4w,2022-05-11
707,iAD0ooNKV30,2022-10-05
708,yGOKZlJaoDY,2022-02-21
709,EP41DYBtKs0,2021-12-27
710,IyHZ3VOd_KE,2022-10-09
711,W2RIcBifpCc,2021-08-30
712,W2RIcBifpCc,2022-03-07
713,W2RIcBifpCc,2021-12-13
714,W2RIcBifpCc,2022-01-26
715,W2RIcBifpCc,2022-08-10
716,W2RIcBifpCc,2021-02-07
717,W2RIcBifpCc,2022-09-09
718,W2RIcBifpCc,2021-11-22
719,W2RIcBifpCc,2022-12-16
720,W2RIcBifpCc,2023-02-19
721,W2RIcBifpCc,2021-06-17
722,HBFc1eBSfb8,2021-11-07
723,HBFc1eBSfb8,2020-02-20
724,HBFc1eBSfb8,2020-03-23
725,HBFc1eBSfb8,2021-11-24
726,HBFc1eBSfb8,2021-03-14
727,HBFc1eBSfb8,2019-08-21
728,HBFc1eBSfb8,2022-01-23
729,HBFc1eBSfb8,2020-06-15
730,HBFc1eBSfb8,2022-10-26
731,uaocmDf5oFU,2022-02-28
732,uaocmDf5oFU,2020-05-16
733,uaocmDf5oFU,2020-04-03
734,uaocmDf5oFU,2022-06-07
735,uaocmDf5oFU,2021-04-16
736,uaocmDf5oFU,2021-03-02
737,uaocmDf5oFU,2022-01-01
738,uaocmDf5oFU,2022-10-06
739,uaocmDf5oFU,2020-06-04
740,uaocmDf5oFU,2020-10-11
741,uaocmDf5oFU,2021-12-06
742,uaocmDf5oFU,2021-08-14
743,uaocmDf5oFU,2022-02-28
744,uaocmDf5oFU,2021-01-20
745,uaocmDf5oFU,2022-09-24
746,uaocmDf5oFU,2021-07-11
747,uaocmDf5oFU,2020-09-10
748,uaocmDf5oFU,2021-06-19
749,uaocmDf5oFU,2021-10-30
750,uaocmDf5oFU,2020-01-19
751,uaocmDf5oFU,2022-12-09
752,uaocmDf5oFU,2022-10-16
753,uaocmDf5oFU,2022-10-22
754,uaocmDf5oFU,2022-05-15
755,uaocmDf5oFU,2022-08-24
756,uaocmDf5oFU,2021-01-15
757,uaocmDf5oFU,2020-06-12
758,mLiPm82GRUo,2021-03-08
759,mLiPm82GRUo,2020-09-14
760,mLiPm82GRUo,2020-12-13
761,mLiPm82GRUo,2020-10-19
762,mLiPm82GRUo,2023-01-12
763,mLiPm82GRUo,2021-06-08
764,mLiPm82GRUo,2021-09-21
765,mLiPm82GRUo,2022-06-21
766,mLiPm82GRUo,2021-10-17
767,mLiPm82GRUo,2021-10-22
768,mLiPm82GRUo,2022-11-05
769,mLiPm82GRUo,2021-05-07
770,m6-3r3tD4nY,2020-06-16
771,m6-3r3tD4nY,2021-05-29
772,m6-3r3tD4nY,2020-08-07
773,1e44Km4KaJg,2022-09-05
774,1e44Km4KaJg,2021-06-08
775,1e44Km4KaJg,2022-08-28
776,1e44Km4KaJg,2023-02-14
777,1e44Km4KaJg,2022-06-06
778,1e44Km4KaJg,2022-12-07
779,1e44Km4KaJg,2022-09-05
780,sWEtboeHJl8,2022-07-16
781,sWEtboeHJl8,2022-04-18
782,sWEtboeHJl8,2022-01-13
783,sWEtboeHJl8,2021-10-24
784,sWEtboeHJl8,2022-07-08
785,sWEtboeHJl8,2022-04-21
786,sWEtboeHJl8,2022-09-09
787,sWEtboeHJl8,2022-11-12
788,sWEtboeHJl8,2023-02-09
789,nrjJuNbzKRA,2022-12-08
790,nrjJuNbzKRA,2022-08-15
791,Eiz3q9I4lNc,2021-05-19
792,LuzapvPCWp4,2021-07-09
793,LuzapvPCWp4,2022-03-23
794,LuzapvPCWp4,2021-10-21
795,LuzapvPCWp4,2021-08-09
796,LuzapvPCWp4,2021-11-09
797,LuzapvPCWp4,2022-08-09
798,LuzapvPCWp4,2021-07-25
799,LuzapvPCWp4,2022-01-16
800,LuzapvPCWp4,2021-08-21
801,LuzapvPCWp4,2021-10-11
802,LuzapvPCWp4,2021-06-11
803,LuzapvPCWp4,2023-02-10
804,LuzapvPCWp4,2021-10-19
805,LuzapvPCWp4,2022-12-16
806,LuzapvPCWp4,2022-07-20
807,LuzapvPCWp4,2022-04-12
808,LuzapvPCWp4,2022-06-07
809,LuzapvPCWp4,2021-10-08
810,LuzapvPCWp4,2021-08-04
811,LuzapvPCWp4,2021-11-28
812,LuzapvPCWp4,2021-06-03
813,LuzapvPCWp4,2022-06-25
814,LuzapvPCWp4,2023-01-21
815,LuzapvPCWp4,2022-11-15
816,LuzapvPCWp4,2023-02-03
817,LuzapvPCWp4,2021-12-12
818,LuzapvPCWp4,2022-09-15
819,LuzapvPCWp4,2021-11-11
820,fhsgpAxGa0w,2023-01-06
821,fhsgpAxGa0w,2022-09-16
822,fhsgpAxGa0w,2023-01-15
823,fhsgpAxGa0w,2021-03-22
824,fhsgpAxGa0w,2022-06-11
825,UsAJPIANAb8,2020-12-14
826,UsAJPIANAb8,2022-07-23
827,UsAJPIANAb8,2019-10-25
828,UsAJPIANAb8,2019-05-13
829,UsAJPIANAb8,2022-03-18
830,UsAJPIANAb8,2021-02-10
831,UsAJPIANAb8,2019-04-06
832,UsAJPIANAb8,2019-04-11
833,UsAJPIANAb8,2020-01-19
834,UsAJPIANAb8,2018-08-31
835,UsAJPIANAb8,2018-12-03
836,UsAJPIANAb8,2018-08-08
837,UsAJPIANAb8,2019-09-23
838,UsAJPIANAb8,2020-09-19
839,UsAJPIANAb8,2022-10-03
840,UsAJPIANAb8,2019-03-31
841,UsAJPIANAb8,2019-12-27
842,UsAJPIANAb8,2020-03-28
843,hVMS5xEhgnE,2020-06-27
844,hVMS5xEhgnE,2021-08-29
845,hVMS5xEhgnE,2022-07-14
846,hVMS5xEhgnE,2022-05-10
847,hVMS5xEhgnE,2022-02-14
848,eoT-jPzV3Wk,2022-02-10
849,eoT-jPzV3Wk,2021-12-16
850,eoT-jPzV3Wk,2022-06-22
851,eoT-jPzV3Wk,2022-02-16
852,W5lzIJ4qY7M,2022-11-02
853,W5lzIJ4qY7M,2019-09-30
854,W5lzIJ4qY7M,2022-10-22
855,W5lzIJ4qY7M,2020-05-03
856,W5lzIJ4qY7M,2021-04-10
857,W5lzIJ4qY7M,2018-07-26
858,W5lzIJ4qY7M,2021-03-21
859,W5lzIJ4qY7M,2018-06-30
860,W5lzIJ4qY7M,2022-03-11
861,RY47z5pvaEc,2019-06-18
862,RY47z5pvaEc,2019-06-15
863,RY47z5pvaEc,2020-09-24
864,RY47z5pvaEc,2021-04-12
865,RY47z5pvaEc,2017-10-03
866,RY47z5pvaEc,2018-08-22
867,mUVz59xCRMI,2021-06-04
868,mUVz59xCRMI,2022-08-27
869,mUVz59xCRMI,2021-09-12
870,mUVz59xCRMI,2022-09-25
871,mUVz59xCRMI,2022-05-08
872,mUVz59xCRMI,2020-01-18
873,mUVz59xCRMI,2019-08-20
874,mUVz59xCRMI,2022-01-21
875,mUVz59xCRMI,2023-02-13
876,mUVz59xCRMI,2022-04-25
877,mUVz59xCRMI,2022-07-21
878,mUVz59xCRMI,2022-02-10
879,mUVz59xCRMI,2019-10-23
880,_bPsHGkwSC8,2022-06-27
881,pioJAenHEMg,2022-05-19
882,pioJAenHEMg,2021-01-17
883,pioJAenHEMg,2020-05-11
884,ZES4ei524S4,2022-09-01
885,ZES4ei524S4,2020-12-25
886,ZES4ei524S4,2021-08-25
887,ZES4ei524S4,2020-11-01
888,ZES4ei524S4,2020-11-24
889,ZES4ei524S4,2022-08-25
890,ZES4ei524S4,2022-05-15
891,ZES4ei524S4,2022-09-14
892,afTb3qPV32E,2023-02-07
893,afTb3qPV32E,2019-09-18
894,afTb3qPV32E,2021-06-23
895,HlywmW5gfNE,2021-10-02
896,HlywmW5gfNE,2022-12-04
897,HlywmW5gfNE,2022-11-19
898,HlywmW5gfNE,2022-08-28
899,HlywmW5gfNE,2022-05-27
900,4dosxfNxR6M,2020-11-07
901,4dosxfNxR6M,2022-09-12
902,mJFwwuEkaC8,2022-01-25
903,44QUjA5NDwY,2019-12-06
904,44QUjA5NDwY,2020-12-08
905,44QUjA5NDwY,2022-09-29
906,44QUjA5NDwY,2021-04-21
907,HtmxS-pF84s,2021-09-18
908,HtmxS-pF84s,2022-09-07
909,HtmxS-pF84s,2022-02-15
910,pBcI7Si2S2o,2021-10-06
911,hGdYR1KR3rc,2019-08-22
912,hGdYR1KR3rc,2021-01-26
913,LLqNTIB0Hkg,2021-05-17
914,LLqNTIB0Hkg,2018-11-25
915,LLqNTIB0Hkg,2017-06-20
916,LLqNTIB0Hkg,2016-11-19
917,LLqNTIB0Hkg,2022-12-15
918,LLqNTIB0Hkg,2021-07-11
919,LLqNTIB0Hkg,2021-05-26
920,LLqNTIB0Hkg,2019-10-31
921,LLqNTIB0Hkg,2016-11-19
922,LLqNTIB0Hkg,2017-11-10
923,LLqNTIB0Hkg,2017-02-25
924,LLqNTIB0Hkg,2016-10-27
925,LLqNTIB0Hkg,2021-03-09
926,KI04waB9LyU,2020-12-10
927,pALDTFhEXGA,2022-09-01
928,pALDTFhEXGA,2018-09-29
929,pALDTFhEXGA,2019-04-29
930,zIRXS7JfH4Y,2021-12-24
931,zIRXS7JfH4Y,2021-11-04
932,wq6dY0bgRcE,2021-08-04
933,szTqlEvdqfE,2021-09-04
934,akTeVcyyJm0,2021-12-01
935,akTeVcyyJm0,2022-03-13
936,akTeVcyyJm0,2022-09-14
937,akTeVcyyJm0,2022-10-31
938,akTeVcyyJm0,2022-01-22
939,3JLwpTf5uGg,2022-09-15
940,3JLwpTf5uGg,2021-12-21
941,3JLwpTf5uGg,2022-06-23
942,8a8khhZ3l7E,2019-12-01
943,9RdtnfiDi8Q,2021-12-26
944,9RdtnfiDi8Q,2022-10-22
945,GruF4juSB-w,2022-05-25
946,Z9oO0p0E05c,2022-01-06
947,Z9oO0p0E05c,2021-05-22
948,Z9oO0p0E05c,2022-06-01
949,3BlTXhhbOro,2021-05-16
950,SIXVpmJoC8U,2022-07-14
951,sz7yW06scgk,2021-06-28
952,M_HVYMvtP7U,2021-07-04
953,AzmDrmFSg-U,2022-09-10
954,bn3tJlIIst8,2022-06-07
955,bn3tJlIIst8,2022-09-07
956,u6ucdrcM5mE,2023-01-11
957,AXFwSWBn3IY,2022-09-18
958,DVQMx0PWBtc,2022-07-16
959,JssPJtrmKv4,2019-12-23
960,JNt-_QByeLk,2018-08-22
961,JNt-_QByeLk,2021-10-19
962,JNt-_QByeLk,2018-04-15
963,JNt-_QByeLk,2021-08-17
964,JNt-_QByeLk,2020-11-27
965,JNt-_QByeLk,2021-05-22
966,JNt-_QByeLk,2021-08-08
967,JNt-_QByeLk,2019-02-23
968,JNt-_QByeLk,2020-11-05
969,JNt-_QByeLk,2018-04-03
970,JNt-_QByeLk,2019-05-03
971,JNt-_QByeLk,2021-03-21
972,J0_ObklvD28,2022-09-29
973,J0_ObklvD28,2021-08-30
974,J0_ObklvD28,2022-11-01
975,J0_ObklvD28,2021-08-15
976,J0_ObklvD28,2022-07-14
977,J0_ObklvD28,2022-05-07
978,J0_ObklvD28,2022-01-03
979,J0_ObklvD28,2021-11-11
980,J0_ObklvD28,2022-07-08
981,J0_ObklvD28,2021-09-11
982,-8NlEeIIRiQ,2022-04-28
983,-8NlEeIIRiQ,2021-06-12
984,-8NlEeIIRiQ,2021-10-01
985,-8NlEeIIRiQ,2022-09-11
986,-8NlEeIIRiQ,2022-03-31
987,-8NlEeIIRiQ,2022-05-16
988,-8NlEeIIRiQ,2022-06-26
989,-8NlEeIIRiQ,2022-10-31
990,UcJ-pgPp5Bo,2022-03-19
991,UcJ-pgPp5Bo,2021-09-01
992,UcJ-pgPp5Bo,2023-02-17
993,UcJ-pgPp5Bo,2022-10-19
994,UcJ-pgPp5Bo,2022-05-20
995,UcJ-pgPp5Bo,2022-11-30
996,UcJ-pgPp5Bo,2022-02-01
997,UcJ-pgPp5Bo,2022-10-20
998,UcJ-pgPp5Bo,2022-11-24
999,UcJ-pgPp5Bo,2021-08-08
1000,UcJ-pgPp5Bo,2021-08-27
1001,UcJ-pgPp5Bo,2022-01-04
1002,UcJ-pgPp5Bo,2022-03-13
1003,UcJ-pgPp5Bo,2022-01-14
1004,UcJ-pgPp5Bo,2022-10-16
1005,UcJ-pgPp5Bo,2021-08-07
1006,UcJ-pgPp5Bo,2022-10-28
1007,UcJ-pgPp5Bo,2022-10-09
1008,UcJ-pgPp5Bo,2022-06-22
1009,UcJ-pgPp5Bo,2022-06-24
1010,UcJ-pgPp5Bo,2023-02-23
1011,UcJ-pgPp5Bo,2022-11-21
1012,UcJ-pgPp5Bo,2022-06-14
1013,zUCBYDvRUYM,2022-04-14
1014,zUCBYDvRUYM,2023-01-06
1015,zUCBYDvRUYM,2021-06-15
1016,zUCBYDvRUYM,2022-12-14
1017,zUCBYDvRUYM,2021-03-20
1018,zUCBYDvRUYM,2022-11-27
1019,zUCBYDvRUYM,2022-06-08
1020,l1VD89YqfO4,2022-10-05
1021,l1VD89YqfO4,2022-03-09
1022,l1VD89YqfO4,2022-09-15
1023,l1VD89YqfO4,2020-08-30
1024,l1VD89YqfO4,2021-01-22
1025,l1VD89YqfO4,2022-09-02
1026,l1VD89YqfO4,2021-12-03
1027,l1VD89YqfO4,2022-04-28
1028,l1VD89YqfO4,2020-03-03
1029,l1VD89YqfO4,2021-09-14
1030,l1VD89YqfO4,2020-08-21
1031,l1VD89YqfO4,2022-04-03
1032,l1VD89YqfO4,2022-05-12
1033,l1VD89YqfO4,2020-06-16
1034,l1VD89YqfO4,2021-08-30
1035,l1VD89YqfO4,2021-05-11
1036,l1VD89YqfO4,2022-09-08
1037,l1VD89YqfO4,2020-09-21
1038,l1VD89YqfO4,2021-02-20
1039,l1VD89YqfO4,2020-05-25
1040,zJSxWOOL98I,2019-03-10
1041,zJSxWOOL98I,2019-03-29
1042,zJSxWOOL98I,2017-08-11
1043,zJSxWOOL98I,2021-11-13
1044,zJSxWOOL98I,2022-12-13
1045,zJSxWOOL98I,2022-01-31
1046,zJSxWOOL98I,2022-06-23
1047,zJSxWOOL98I,2018-07-25
1048,RYU1O-incoI,2019-04-13
1049,RYU1O-incoI,2023-01-08
1050,RYU1O-incoI,2017-08-20
1051,RYU1O-incoI,2021-09-04
1052,9VtaOAM2oOM,2019-10-22
1053,9VtaOAM2oOM,2018-04-13
1054,9VtaOAM2oOM,2019-12-21
1055,9VtaOAM2oOM,2019-07-13
1056,9VtaOAM2oOM,2022-08-19
1057,9VtaOAM2oOM,2018-12-30
1058,9VtaOAM2oOM,2019-11-04
1059,9VtaOAM2oOM,2019-04-19
1060,9VtaOAM2oOM,2018-08-13
1061,9VtaOAM2oOM,2019-06-23
1062,9VtaOAM2oOM,2022-12-13
1063,9VtaOAM2oOM,2021-12-19
1064,9VtaOAM2oOM,2019-05-17
1065,9VtaOAM2oOM,2019-05-31
1066,9VtaOAM2oOM,2019-03-13
1067,9VtaOAM2oOM,2022-10-27
1068,3TLlxoTkBn0,2023-02-07
1069,3TLlxoTkBn0,2019-07-03
1070,3TLlxoTkBn0,2022-12-15
1071,3TLlxoTkBn0,2020-05-26
1072,3TLlxoTkBn0,2019-12-11
1073,3TLlxoTkBn0,2021-09-19
1074,v88mEK0Fhkg,2022-08-20
1075,v88mEK0Fhkg,2021-02-25
1076,jK-PYj_FuR8,2021-02-02
1077,jK-PYj_FuR8,2020-07-28
1078,jK-PYj_FuR8,2021-02-18
1079,5rNulK-uvug,2017-07-08
1080,5rNulK-uvug,2021-02-16
1081,5rNulK-uvug,2020-08-09
1082,5rNulK-uvug,2021-12-17
1083,5rNulK-uvug,2018-01-31
1084,ILVRJQ22cjs,2020-07-25
1085,AlIvIlqKcB0,2022-06-07
1086,AlIvIlqKcB0,2021-11-22
1087,AlIvIlqKcB0,2022-01-17
1088,AlIvIlqKcB0,2022-07-11
1089,N9GYlmMMAkY,2022-07-10
1090,N9GYlmMMAkY,2021-11-22
1091,N9GYlmMMAkY,2021-10-13
1092,MgiOMSs25ZU,2017-08-13
1093,MgiOMSs25ZU,2021-04-17
1094,qlBtBme4EL4,2022-04-24
1095,JHFs6gFZhiE,2022-08-01
1096,JHFs6gFZhiE,2021-12-02
1097,JHFs6gFZhiE,2022-05-02
1098,JHFs6gFZhiE,2022-07-28
1099,JHFs6gFZhiE,2021-08-04
1100,JHFs6gFZhiE,2023-01-12
1101,JHFs6gFZhiE,2021-07-23
1102,qdhsq23cQhg,2022-05-25
1103,qdhsq23cQhg,2020-08-09
1104,qdhsq23cQhg,2020-04-14
1105,qdhsq23cQhg,2021-12-02
1106,byV7EcTVrwE,2019-03-31
1107,byV7EcTVrwE,2019-05-04
1108,KORVXOs44Mg,2021-12-30
1109,KORVXOs44Mg,2022-01-12
1110,KORVXOs44Mg,2021-09-23
1111,RHMkouqgC5Y,2022-09-26
1112,RHMkouqgC5Y,2022-04-14
1113,RHMkouqgC5Y,2022-09-27
1114,RHMkouqgC5Y,2021-08-27
1115,RBlGQMvAjvw,2022-05-15
1116,RBlGQMvAjvw,2019-02-04
1117,EocrvXatsd4,2022-08-11
1118,EocrvXatsd4,2021-10-15
1119,EocrvXatsd4,2021-03-26
1120,HV0EL01lkvc,2018-02-12
1121,oygVhaMALdE,2023-02-15
1122,oygVhaMALdE,2022-04-17
1123,oygVhaMALdE,2022-06-13
1124,oygVhaMALdE,2023-01-21
1125,oygVhaMALdE,2023-01-19
1126,oygVhaMALdE,2022-05-21
1127,oygVhaMALdE,2022-09-12
1128,oygVhaMALdE,2021-06-27
1129,oygVhaMALdE,2022-10-12
1130,oygVhaMALdE,2021-10-28
1131,oygVhaMALdE,2022-10-12
1132,Q48pyYLAPcc,2018-01-29
1133,Q48pyYLAPcc,2019-12-05
1134,CDmvLIhVDGw,2021-07-13
1135,2wIZmf5xBjg,2022-10-06
1136,e50kYJu25OQ,2022-03-15
1137,RUkZJmtWhwc,2022-05-29
